{
  "README": "https://github.com/Luke100000/ImmersivePaintings/wiki/Config",
  "thumbnailSize": 128,
  "lodResolutionMinimum": 32,
  "halfResolutionThreshold": 2.0,
  "quarterResolutionThreshold": 4.0,
  "eighthResolutionThreshold": 8.0,
  "maxPacketsPerSecond": 40,
  "packetSize": 16384,
  "testIfSpaceEmpty": false,
  "paintingsHaveCollision": false,
  "maxUserImageWidth": 4096,
  "maxUserImageHeight": 4096,
  "maxUserImages": 1000,
  "minPaintingResolution": 8,
  "maxPaintingResolution": 256,
  "showOtherPlayersPaintings": true,
  "version": 1
}